,flight_id,flight_duration,passenger_count,adult_passengers,child_passengers,business_class_ratio,is_international,total_food_demand
count,5000.0,5000.0,5000.0,5000.0,5000.0,5000.0,5000.0,5000.0
mean,2500.5,5.064424,175.0278,148.679,26.3488,0.5104518848229567,0.1946,291.965
std,1443.5200033252052,2.4608439810040315,72.33507793498235,63.685423180074146,19.871781905587145,0.28708963324605846,0.3959320553308202,160.29895859370154
min,1.0,1.0,50.0,35.0,0.0,0.0002524544905621,0.0,43.0
25%,1250.75,3.1,112.0,94.0,11.0,0.26927846897427643,0.0,169.0
50%,2500.5,4.94,176.0,148.5,22.0,0.5148575507938817,0.0,264.0
75%,3750.25,6.84,237.0,199.0,39.0,0.7527343955544392,0.0,385.25
max,5000.0,11.99,300.0,299.0,90.0,0.9999009770092316,1.0,982.0
