Model,Total Cost ($)
Baseline,1608265.0
Linear Regression,495803.9238511298
Random Forest,58049.336577380964
