Model,R2,MAE,RMSE
Baseline (Mean),-2.947948660181332e-05,129.194,163.55333686599
Linear Regression,0.9027343048492829,40.001946444680485,51.007361073659276
Random Forest (Tuned),0.9982673701184885,4.153004297619049,6.807786196025142
